Controller,Time (s),Final Error (mm)
PID,63.07306504249573,28.55672441009469
RL,,
