Controller,Time (s),Final Error (mm)
PID,62.74856686592102,26.065930246124214
RL,1.6981561183929443,28.68668428055798
