Controller,Goal Index,Time (s),Final Error (mm)
PID,1,62.818652629852295,155.2591910243799
RL,1,13.521860599517822,108.25336935401151
